<?xml version="1.0" encoding="UTF-8"?>
<project-private xmlns="http://www.netbeans.org/ns/project-private/1">
    <editor-bookmarks xmlns="http://www.netbeans.org/ns/editor-bookmarks/2" lastBookmarkId="0"/>
    <open-files xmlns="http://www.netbeans.org/ns/projectui-open-files/2">
        <group>
            <file>file:/D:/Harold/Harold/Harold/Areas/Tareas/Ing%20de%20Software/Programa/Corr1/ProyectoIngDeSoftware1-AcompanamientoEmocional-master1/src/java/dao/OperacionesUsuario.java</file>
            <file>file:/D:/Harold/Harold/Harold/Areas/Tareas/Ing%20de%20Software/Programa/Corr1/ProyectoIngDeSoftware1-AcompanamientoEmocional-master1/web/RegistroUsuarioAdmin.xhtml</file>
            <file>file:/D:/Harold/Harold/Harold/Areas/Tareas/Ing%20de%20Software/Programa/Corr1/ProyectoIngDeSoftware1-AcompanamientoEmocional-master1/src/java/bean/beanLogin.java</file>
            <file>file:/D:/Harold/Harold/Harold/Areas/Tareas/Ing%20de%20Software/Programa/Corr1/ProyectoIngDeSoftware1-AcompanamientoEmocional-master1/web/ConversacionPsicologo.xhtml</file>
            <file>file:/D:/Harold/Harold/Harold/Areas/Tareas/Ing%20de%20Software/Programa/Corr1/ProyectoIngDeSoftware1-AcompanamientoEmocional-master1/web/index.xhtml</file>
            <file>file:/D:/Harold/Harold/Harold/Areas/Tareas/Ing%20de%20Software/Programa/Corr1/ProyectoIngDeSoftware1-AcompanamientoEmocional-master1/src/java/dao/OperacionesLogin.java</file>
            <file>file:/D:/Harold/Harold/Harold/Areas/Tareas/Ing%20de%20Software/Programa/Corr1/ProyectoIngDeSoftware1-AcompanamientoEmocional-master1/web/Usuario.xhtml</file>
        </group>
    </open-files>
</project-private>
