<?xml version="1.0" encoding="UTF-8"?>
<project-private xmlns="http://www.netbeans.org/ns/project-private/1">
    <editor-bookmarks xmlns="http://www.netbeans.org/ns/editor-bookmarks/2" lastBookmarkId="0"/>
    <open-files xmlns="http://www.netbeans.org/ns/projectui-open-files/2">
        <group>
            <file>file:/D:/Harold/Harold/Harold/Areas/Tareas/Ing%20de%20Software/Programa/Corr1/ProyectoIngDeSoftware1-AcompanamientoEmocional-master1/src/java/bean/beanCrearCita.java</file>
            <file>file:/D:/Harold/Harold/Harold/Areas/Tareas/Ing%20de%20Software/Programa/Corr1/ProyectoIngDeSoftware1-AcompanamientoEmocional-master1/src/java/dto/Cita.java</file>
            <file>file:/D:/Harold/Harold/Harold/Areas/Tareas/Ing%20de%20Software/Programa/Corr1/ProyectoIngDeSoftware1-AcompanamientoEmocional-master1/web/Psicologo/HistoriaClinica.xhtml</file>
            <file>file:/D:/Harold/Harold/Harold/Areas/Tareas/Ing%20de%20Software/Programa/Corr1/ProyectoIngDeSoftware1-AcompanamientoEmocional-master1/src/java/dao/OperacionConsulta.java</file>
            <file>file:/D:/Harold/Harold/Harold/Areas/Tareas/Ing%20de%20Software/Programa/Corr1/ProyectoIngDeSoftware1-AcompanamientoEmocional-master1/web/Paciente/Encuesta.xhtml</file>
            <file>file:/D:/Harold/Harold/Harold/Areas/Tareas/Ing%20de%20Software/Programa/Corr1/ProyectoIngDeSoftware1-AcompanamientoEmocional-master1/src/java/chat/MessageManagerLocal.java</file>
            <file>file:/D:/Harold/Harold/Harold/Areas/Tareas/Ing%20de%20Software/Programa/Corr1/ProyectoIngDeSoftware1-AcompanamientoEmocional-master1/src/java/dao/OperacionesLogin.java</file>
            <file>file:/D:/Harold/Harold/Harold/Areas/Tareas/Ing%20de%20Software/Programa/Corr1/ProyectoIngDeSoftware1-AcompanamientoEmocional-master1/web/Paciente/MenuUsuario.xhtml</file>
            <file>file:/D:/Harold/Harold/Harold/Areas/Tareas/Ing%20de%20Software/Programa/Corr1/ProyectoIngDeSoftware1-AcompanamientoEmocional-master1/web/Psicologo/CrearCitas.xhtml</file>
            <file>file:/D:/Harold/Harold/Harold/Areas/Tareas/Ing%20de%20Software/Programa/Corr1/ProyectoIngDeSoftware1-AcompanamientoEmocional-master1/web/Psicologo/MenuPsicologo.xhtml</file>
            <file>file:/D:/Harold/Harold/Harold/Areas/Tareas/Ing%20de%20Software/Programa/Corr1/ProyectoIngDeSoftware1-AcompanamientoEmocional-master1/src/java/bean/beanBitacora.java</file>
            <file>file:/D:/Harold/Harold/Harold/Areas/Tareas/Ing%20de%20Software/Programa/Corr1/ProyectoIngDeSoftware1-AcompanamientoEmocional-master1/web/Administrador/RegistroUsuarioAdmin.xhtml</file>
            <file>file:/D:/Harold/Harold/Harold/Areas/Tareas/Ing%20de%20Software/Programa/Corr1/ProyectoIngDeSoftware1-AcompanamientoEmocional-master1/src/java/chat/Message.java</file>
            <file>file:/D:/Harold/Harold/Harold/Areas/Tareas/Ing%20de%20Software/Programa/Corr1/ProyectoIngDeSoftware1-AcompanamientoEmocional-master1/src/java/bean/IndexBean.java</file>
            <file>file:/D:/Harold/Harold/Harold/Areas/Tareas/Ing%20de%20Software/Programa/Corr1/ProyectoIngDeSoftware1-AcompanamientoEmocional-master1/src/java/dao/OperacionesAdmin.java</file>
            <file>file:/D:/Harold/Harold/Harold/Areas/Tareas/Ing%20de%20Software/Programa/Corr1/ProyectoIngDeSoftware1-AcompanamientoEmocional-master1/web/Paciente/ConversacionUsuario.xhtml</file>
            <file>file:/D:/Harold/Harold/Harold/Areas/Tareas/Ing%20de%20Software/Programa/Corr1/ProyectoIngDeSoftware1-AcompanamientoEmocional-master1/web/Psicologo/Bitacora.xhtml</file>
            <file>file:/D:/Harold/Harold/Harold/Areas/Tareas/Ing%20de%20Software/Programa/Corr1/ProyectoIngDeSoftware1-AcompanamientoEmocional-master1/web/Paciente/ConsultarDisponibilidad.xhtml</file>
            <file>file:/D:/Harold/Harold/Harold/Areas/Tareas/Ing%20de%20Software/Programa/Corr1/ProyectoIngDeSoftware1-AcompanamientoEmocional-master1/src/java/bean/beanConsultarCita.java</file>
            <file>file:/D:/Harold/Harold/Harold/Areas/Tareas/Ing%20de%20Software/Programa/Corr1/ProyectoIngDeSoftware1-AcompanamientoEmocional-master1/web/Paciente/RegistroUsuario.xhtml</file>
            <file>file:/D:/Harold/Harold/Harold/Areas/Tareas/Ing%20de%20Software/Programa/Corr1/ProyectoIngDeSoftware1-AcompanamientoEmocional-master1/src/java/dao/OperacionesUsuario.java</file>
            <file>file:/D:/Harold/Harold/Harold/Areas/Tareas/Ing%20de%20Software/Programa/Corr1/ProyectoIngDeSoftware1-AcompanamientoEmocional-master1/src/java/dao/OperacionesDoctor.java</file>
            <file>file:/D:/Harold/Harold/Harold/Areas/Tareas/Ing%20de%20Software/Programa/Corr1/ProyectoIngDeSoftware1-AcompanamientoEmocional-master1/src/java/dao/OperacionesBitacora.java</file>
            <file>file:/D:/Harold/Harold/Harold/Areas/Tareas/Ing%20de%20Software/Programa/Corr1/ProyectoIngDeSoftware1-AcompanamientoEmocional-master1/src/java/bean/beanEncuesta.java</file>
            <file>file:/D:/Harold/Harold/Harold/Areas/Tareas/Ing%20de%20Software/Programa/Corr1/ProyectoIngDeSoftware1-AcompanamientoEmocional-master1/web/Paciente/VerAgenda.xhtml</file>
            <file>file:/D:/Harold/Harold/Harold/Areas/Tareas/Ing%20de%20Software/Programa/Corr1/ProyectoIngDeSoftware1-AcompanamientoEmocional-master1/src/java/bean/beanListarCitas.java</file>
            <file>file:/D:/Harold/Harold/Harold/Areas/Tareas/Ing%20de%20Software/Programa/Corr1/ProyectoIngDeSoftware1-AcompanamientoEmocional-master1/web/index.xhtml</file>
            <file>file:/D:/Harold/Harold/Harold/Areas/Tareas/Ing%20de%20Software/Programa/Corr1/ProyectoIngDeSoftware1-AcompanamientoEmocional-master1/src/java/chat/MessageManager.java</file>
            <file>file:/D:/Harold/Harold/Harold/Areas/Tareas/Ing%20de%20Software/Programa/Corr1/ProyectoIngDeSoftware1-AcompanamientoEmocional-master1/src/java/bean/beanPsicologo.java</file>
            <file>file:/D:/Harold/Harold/Harold/Areas/Tareas/Ing%20de%20Software/Programa/Corr1/ProyectoIngDeSoftware1-AcompanamientoEmocional-master1/web/Psicologo/EncuestaRevisar.xhtml</file>
            <file>file:/D:/Harold/Harold/Harold/Areas/Tareas/Ing%20de%20Software/Programa/Corr1/ProyectoIngDeSoftware1-AcompanamientoEmocional-master1/src/java/dto/Encuesta.java</file>
            <file>file:/D:/Harold/Harold/Harold/Areas/Tareas/Ing%20de%20Software/Programa/Corr1/ProyectoIngDeSoftware1-AcompanamientoEmocional-master1/src/java/dto/Bitacora.java</file>
            <file>file:/D:/Harold/Harold/Harold/Areas/Tareas/Ing%20de%20Software/Programa/Corr1/ProyectoIngDeSoftware1-AcompanamientoEmocional-master1/src/java/dao/OperacionesCita.java</file>
            <file>file:/D:/Harold/Harold/Harold/Areas/Tareas/Ing%20de%20Software/Programa/Corr1/ProyectoIngDeSoftware1-AcompanamientoEmocional-master1/src/java/dao/OperacionesEncuesta.java</file>
            <file>file:/D:/Harold/Harold/Harold/Areas/Tareas/Ing%20de%20Software/Programa/Corr1/ProyectoIngDeSoftware1-AcompanamientoEmocional-master1/src/java/chat/MessageBean.java</file>
            <file>file:/D:/Harold/Harold/Harold/Areas/Tareas/Ing%20de%20Software/Programa/Corr1/ProyectoIngDeSoftware1-AcompanamientoEmocional-master1/src/java/dao/AdmConexion.java</file>
            <file>file:/D:/Harold/Harold/Harold/Areas/Tareas/Ing%20de%20Software/Programa/Corr1/ProyectoIngDeSoftware1-AcompanamientoEmocional-master1/web/Psicologo/ConversacionPsicologo.xhtml</file>
        </group>
    </open-files>
</project-private>
